1,"9
Widioe
{) Metella Road M4
mf Public School Eas}",5
2,,5
3,,5
4,,5
5,"4” M ~ e's
.

CMe ae
a el

="" 7 UNL aROlU NDMP ew 13121 34
MERCY HEALTH CENTER

oa",5
6,"ati

ih ae

rere mit
baa Ha

if ih a
Bes ee
Hue TE
na
Ft

A PTL
se
FALL
Than
iffmegyer
si ne We

         

et)

 

eee",5
7,,5
8,,5
9,"Pk se a
Government of Pakistan
Ministry of Capital Administration & Development

Baa ee
eee

Plot No. 450, St. No. 57, 1-8/3 Islamabad",5
10,"A { f f

i 8 BNG INTERNATIONAL SCHOOL
Pre 3 _

   
 
 
   
   
 

  

Admission Open 2015-16“

ie Call: 9458871555 / 666

poeaysreene",5
11,". Raa ¥

Vj ee ve
sate
9625

Coa",5
12,,5
13,,5
14,,5
15,"{YDAUMERE EAST |
UBLIC SCHOOL |

  

Welcome!

STUDENT & PARENT |“
] ENTRY

bg nay Nona 05 ae
Oe ES eS",5
16,,5
17,,5
18,"CAUTION

earl",5
19,"Te Lada

Welcome to

Brookfield aT Tela
Yale)

betel
Pie Lee)
a —",5
20,,5
21,"D.Pharm, Goes
Code: 2753
"" 0 Sees",5
22,,5
23,,5
24,"‘ IN Pty com Comat Vf:
) ty",5
25,,5
26,,5
27,,5
28,,5
29,,5
30,"Cha :

new Delhi)

cess
TAL LASSE

First Time in Our City
wth Experienced FAC Iti

aie SCHOOL Ue

   
 

A Complete
Registration is Going On

for the academic session 9018-19 7

For Nur. t0 Std. VIF

i
akhisarai_ +91 9297162122 929716",5
31,"ity Approved Courses (UGC, AICTE. DEB) ©
[M.B.A.|B.B.A.|M.C.A.|B.C.A.
.Com.|M.Com.|0,Pharma| M.Phil.

E=.

SORES)
Cee R eer e)",5
32,"WYER arr) tr Sohal é
] of HL tA

where happy children flourish",5
33,,5
34,"cc

oa

5 aly
1 Longwell Green

Primary School

Ceo eee od TT
Ptr eee
- SS

 
    
    

ah
slid i fa .
JL Leafs}
Tne = 7
SIGNETSIGNSLTD",5
35,"Bh cae } Ry
Dua",5
36,,5
37,,5
38,"Aslacton

Primary. School",5
39,"eo Te

BUSINES",5
40,,5
41,EB alamy stock photo,5
42,b min,5
43,,5
44,"The

| School Of Industrial and Fine

pO. Box 7062 Kampate, Ug2! a
- 41 - 531423 1

Arty

[a Bieapiees aie)",5
45,,5
46,,5
47,"Pea
Che rae

rt ak

peer r tT)",5
48,"CAUTION

earl",5
49,"A

PUBL!

ree

Pry net

   

‘ ae
Fen Zob anion

c Sm",5
50,"IRS
_ AIGH schoo,",5
51,,5
52,,5
53,"TRINITY “=
LUTHERAN COLLEGE",5
54,,5
55,"Pbierelsy ert ere)
FORGIRES

. De
el hd Ry

    

    
        
   
   

Cen eto
ag
eet

es ea hy
MAIN ENTRANCE Ed i
Se: Sica Sorensen",5
56,,5
57,,5
58,,5
59,,5
60,"sl
Sree
Frees Peete \

 

EI alamy stock photo",5
61,aA ons,5
62,,5
63,"A oe
eile Bere Te",5
64,,5
65,,5
66,,5
67,"hs Ve
NA

|",5
68,,5
69,"Scoil losaf National School

Satteaarts: N.S",5
70,"HIEF
OGORI
ae",5
71,"MAKES YOUR LIFE Giosigus

Naisdee oar), Sinan

_ as
n2ienduen sn,",5
72,,5
73,"ceurnas AGRICULTURE ae
werveasiTy",5
74,,5
75,,5
76,"St Paul’s C of EVC

Juni

a eee

      

Comal AlN",5
77,,5
78,"> ae

 

este
Leet Minatetta
enn Away

\ Recs oncecn
VW ccgeoles",5
79,,5
80,,5
81,"ot ee

BilLGic genet
Poth and bs Nb a
liesiiol |,

: aye ah",5
82,"arts IX, X, XI, XI For All Subjects",5
83,,5
84,"#

LOBAL INSTITGTE OF 4
NOLOGY & MANAGEMENT «qo",5
85,"|
7 SUPREME-GOWre
Si aA

    

instructors Super 30th of Pane
ree ed et ea",5
86,,5
87,,5
88,"a
Tt

ae
te BcApech
“pale ee =
: fee",5
89,,5
90,"Bl a —L
YOO as m

CE COMPUTER
hae a=

\ KTaO IK iM
BR SSO

 

 

ee
a

 

y

| By oe my A A QS eer — A »

; \'/ i j C ( fa : } iA © &) QO"" ‘A L2AOO A) = 2

\ rh { a Ae, ; a

4 H | x 4 | [ | a | i) mae \ a) fe: 1@\ok } —— | 7
= aS | ws s ww > MY

— ae N

oS
GAISINA WAGAR BAGU , OPP VIUAY NAGAR BY PASSROAD, CHECK POST - 9871708182 ba
ell atban S =
Cee ae =
INSTITUTE ~

ANSE.
y
f

PER Tee

5 |
Y

osc: (SM oe ce CorelDraw |
: Le Cur) Cd

nas
| eee

    

A ae ee ea Merk",5
91,,5
92,"INDIAN INSTITUTE OF”
| MANAGEMENT AND
TECHNICAL EDUCATION",5
93,"SAL Ra

X Gi
GOROKA ue. AAI
PH (675) 732 2800
(675) 73Z 198
Gime ora-PS

WIE ‘BA
Save’ Tambui = MAI General @ Phen Ord-PS",5
94,"a

“> SOFT-TECH GLOBAL
Ln

DIPLOMA COURSE
*PGOCA

 
    
 
     
    

 
 

  

»OCA
>Hardware &

Networking
4, Opp. Avante",5
95,". A tg

area",5
96,,5
97,,5
98,,5
99,"INSTIFUTE
99986-5282!",5
100,"INSTITUTE OF ENVIRONMENT
& NATURAL RESOURCES

P.O. Box 7062/7298
Kampala Uganda Phone: 256-41-530135 / 533462

Telefax: 256-41-530134 E-mail: muienr@muienr.mak.ac.ug

 

a rae ee oe <apehnueen",5
101,"Welcome to

eT
J University College Hospital

   

Main Hospital ro
Seen =
EGA Wing es
» HTD Mortimer Market >
UG Etdratt leva S

Cancer Centre

Institute of Sport,
a Tralee Ln (k=) ha)
170 LO ey Court Road

www.alamy.com - ESMKEP",5
102,"INSTITUTE OF ENVIRONMENT
& NATURAL RESOURCES

P.O. Box 7062/7298
Kampala Uganda Phone: 256-41-530135 / 533462

Telefax: 256-41-530134 E-mail: muienr@muienr.mak.ac.ug

 

a rae ee oe <apehnueen",5
103,"Tu pine

 

EE} alamy stock photo",5
104,www.alamy.com - WW4G9C,5
105,"I)

a Py

ESA

i

.
. a | a
} Bo hed

 

=
|

  

¢ cay ¥ J
FCCNOYV TMH ANTH ATA =~ AMI
LInVWIER T ti 1 a] -— TANDARD
= ih at — f on tema tn fon om 5
. if FF 7LJ| Fo VT LY | KE o 1 / F HILLS ROAL NiO RO
a bey, -

_ = p > 4 a0 .
Ja i Si “304 “ og",5
106,"i

New Hall School

Catholic Late (Sorento ase te

Boarding (7-18) & Day (3-18)

POI BEE pas} lta red perkt g",5
107,"is Wit ry
m7
=

my
Vie
ht
on
wee Ko
eee tan

oes
Pods 2h

Z ay’

Ce.

ee

Mets

pECTUS CONTACT: =
01861 | 7308365893 |

r

ph

PXOAT8
www.alamy.com",5
108,,5
109,"L @D j Vig! ishi

AGE

[ eee OF ea 4

. ma ?—T rm nnn

“1a am arent wii",5
110,,5
111,,5
112,,5
113,"Z
a
a
4
3
4
8",5
114,,5
115,,5
116,,5
117,,5
118,"rR
OVERNMENT ENGINEERING COLLEGE paL Anes",5
119,,5
120,"BALAI TECHNICAL CLS, EUR

ann Tait
i i reearie m
MAL ae aM",5
121,"(Recognised by Department of Mea ere.)
: Affiliated to Barkatullah University, 5) Ye) 1

ra

 

 

£ ""
Pace hae ete

 

~

po et tae SAIS SBOE a chase Toate pn
ie

+",5
122,"Loe

pee

ee i a

fede ea ae IE
i r i",5
123,“TEER ERE RL ES CPT 77777,5
124,"0] Tore edie fireeitone
CONTIAL VRIVERAITY OF Qu pane

=o
a

mo

vith az AcREMIC BLOCK

 

MWe
Ul Um",5
125,,5
126,,5
127,,5
128,,5
129,,5
130,"_—
=

: a

Meee ir = Trt
rer :

, BD EE cc
“SAB Oe en a",5
131,,5
132,"i
teat...‘ | |
TULL | Tag",5
133,,5
134,,5
135,,5
136,"iin 6 0m & alte
wi ff |e | HF "" J!",5
137,,5
138,,5
139,,5
140,,5
141,,5
142,"ALL INDIA SHR! SHIVAJI MEMORIAL SOCIETY'S |
fie COLLEGE OF ENGINEERING | a",5
143,,5
144,"RA

CERO ECU TELE TTETCTNT",5
145,"_—_

     

GUAR ay
TECUNOLOOIbA,
UNIVERSITY",5
146,,5
147,,5
148,,5
149,,5
150,,5
151,,5
152,,5
153,,5
154,"~~

JAIPUR DEMTAL COLLEGE",5
155,,5
156,"eR a he | CT: iro 0 1]

 

fa
Pe eee 2 ea",5
157,,5
158,,5
159,,5
160,"neat DISS,
OAs dds. ere",5
161,"”

eas",5
162,,5
163,"Re a ee
a",5
164,,5
165,,5
166,,5
167,"ESTD.1964
PRIENTAL COLLEGE

SITY, PATNA - 800008

sc",5
168,"eer t=

so
kel wane

re eke |",5
169,,5
170,": (MOULN INSTITUTE OF INFORMATION TECHNOLOGY
Society)

BHAGAL PUR ~813210",5
171,,5
172,,5
173,,5
174,"=
wm ii
i i ai iii

Opa:
7

mA ae ge ||",5
175,,5
176,"npn OES =
aoe MARUTIDRIVING SCHOOL M4 S\SUSUK",5
177,"STITUTE OF MEDICAL scuNCcES

BHus",5
178,,5
179,,5
180,,5
181,Rimi hy aren,5
182,— TEALEDUCA EDUCATION SOCIETY FOE,5
183,,5
184,,5
185,,5
186,Abasaheb Garware College for MicroBiology,5
187,,5
188,,5
189,"ea
Se CAN yi
SAA Sa

i} PRS",5
190,"& VIDYA BHAVAN COLLEGE OF €
| J",5
191,"ret ies

Sua d

MANAGEMENT",5
192,,5
193,,5
194,SMT. KASHIBAI NAVALE w EDICAL COLLEGE 7,5
195,"Kisan Law College

int ae i i i
=e E —

a |",5
196,">i

MM
BDICALGCO

  

renal",5
197,"Lit te

Sines

TECHN
cD)",5
198,"ie} LAW COLLEGE DURGAPUR

 

a apa",5
199,,5
200,,5
201,,5
202,,5
203,,5
204,,5
205,"RUHS Results 2019 Released B.Sc Nursing, MBBS Exam",5
206,,5
207,,5
208,"is ——— SS INSTITUTE OF POLYTECHNIC
es | | ' '",5
209,,5
210,BURSTS,5
211,"SS LLEGE

srry ree 97 oF: m

a Ulta J ‘nie ROR SURE

 
 

= ee Fu",5
212,,5
