1,,1
2,,1
3,,1
4,"aes ew 8 y

i

HANGAN soe a me ;
aa rs ae ¥ Be ie
ie rs 4 CHANGHU EXPWY
st tey:| a Ae =
: c tee oe oe ph

—_— | bi }ONG SHANHI CHANG aut N)
| 7 aT :
K BA
a.

ee
es
bes FMC",1
5,,1
6,,1
7,,1
8,"Reus ule

TU DIE TET)

NEHRU Ral y

<< eeeE",1
9,,1
10,,1
11,"DD Oral uit BU

a

: Te hay
“ a",1
12,,1
13,"pees 78
<—>

, >
es",1
14,"Roar
AKBAR ROAD
Pts C Aces

A

Cea I",1
15,,1
16,,1
17,"pam
pacers",1
18,,1
19,,1
20,,1
21,"Yeas rh i

| DEHU ALANDI ROAD",1
22,,1
23,"Fer

DCU oar tng
RAEI
DTC LM CET te

RSC
Carel tes]",1
24,,1
25,"|PARS| COLONY
ROA NOT
5

 

= MN
lf vin",1
26,"sD

""we""

wh",1
27,,1
28,"THR WS
AKBAR ROAD
BAC In Ac
aU WUE",1
29,,1
30,,1
31,"a
Me cose
MAG Se
tls be?
Pin Code - 110001",1
32,,1
33,,1
34,,1
35,"St antee gira

| Dr. ZAKIR HUSSAIN MAR
TAT TAS WET",1
36,depositphotos Image ID: 234829330  www.depositphotos.com,1
37,,1
38,,1
39,,1
40,,1
41,,1
42,,1
43,"5
i
3
3

= aa

ge
Oa our

ES PS ere

ee

a

Download from {GJ 112133043
Dreamstime.com Oo Thomas Barrat | Dreamstime.com",1
44,"jars Paley ie

Oana RO RE
p Sao alee elit)

  
     

eee stock photo ‘use",1
45,"SE i Gu Eke IC STE a

| , ad
PTR ta YAU UA",1
46,"Hextcil Sac cs
CN aye) Satine

1ace

Qs gr",1
47,"Estd. 1937 Fated oR ae
Pel ned Oe pe

-
Smee Ec)
Niet oa me Oil SE

     
 

ine ot) AY
SWEETS ~ AY Ld aa

1",1
48,,1
49,,1
50,"=

—

f",1
51,,1
52,"Ring Road (W)
Bury (M66)
Bolton (M61)

Eero
TT (™62)

ro TV",1
53,,1
54,"ug |e
aS Tex S

      

.",1
55,,1
56,,1
57,za au,1
58,"BiG BAZAAR RWA Soclecy Gate
Ad Jodhpur",1
59,© Can Stock Photo - csp24147377,1
60,"auh

Tae
mn Se

my stock photo marr

ai Es

a TRIE",1
61,"ayy cone

D) «ur. KOCHI METRO RAIL LTD.",1
62,"Pores Mandir Mi
oo Ws Re rod .
Main Pet MG Road |.
Tio 1c | a
ECL > al

TIBOR

a 7 Stock photo ee

   
    
    

  

    
 

 

dq",1
63,"CA aa Omen Tt 9
Malls, M.G. Road

Faridabad, DLF Ph-1
rT TA ane",1
64,,1
65,"Fast 0s See athe Steet

 

__ | NETAJI SUBHASH CHANDRA BOSE JX

ve Se

seni re ED RE FRE ry OTTO",1
66,"Rar

Se = Ch r
ae

AS

Ce ie

PENS Hf ie

pinot
as ae",1
67,,1
68,,1
69,,1
70,": ae
me rarest th \

So
a ow x

Rand
oe ae",1
71,"a . ee
Ae cA bls

Se AOC ‘

Mi chd a

rT uae

S Pa ayane photo pay",1
72,,1
73,"aS a .
ae are
ot

tts",1
74,"se oct LANE

Pe 400 iT
S rT

4

www.shutterstock.com - 749403337",1
75,,1
76,,1
77,,1
78,,1
79,r La EBs,1
80,"SANSAD MARG |

| Bie

auc 4",1
81,,1
82,"ve

    

     
   

mY

HOSTEL

SUBANS!I

a",1
83,,1
84,y,1
85,,1
86,,1
87,"a
Me cose
MAG Se
tls be?
Pin Code - 110001",1
88,,1
89,,1
90,HOSHIAR,1
91,"Mise Wer (ol 7 ¢
fees ta
TCS ET",1
92,||,1
93,,1
94,,1
95,,1
96,"Shopping C

 

 

us
yey Sal

 

7

  

 

    

2 Oho ace cia",1
97,,1
98,,1
99,HN,1
100,,1
101,"ae eee ; “ Shed

 
  
   

a os F
ee
Gets tc).

ges a .

PUNJAB - Caan
T= at

armel Seek

PUNJAB & HARYANA SECTT.
118) By 11 a1)
HIGH COURT

ROCK GARDEN",1
102,"a eee AYE Tris oy 2.00pm 5.00pm To 8.30pm
‘ bitte ATi PRs]
————

BAZAR:

All Types of Hosieries
Hubli Road Sirsi Mob: 9632657731, 9741134186

ee :

 

—

= —
ee
:

im =e ry ;",1
103,"MAIN OFFICE
Essen olen)",1
104,"pesca]

Y Gopalakrishanan Street i —

\ NSIC RGEC Ee ware ees) | Ue a",1
105,,1
106,,1
107,"SND 1.28, 04, Tana Ooo

SP UnneDaLuNoT6t Bp: STEDOD.10 var
| Street, T.

7 ouase asrt ee autgt aloaag Ibitel: aepdvourei ép@10
; ey ae =
Spm ag == ———

SOG }

Fait inion!
eee
ti fi iF. ft ae
BOUIES. 3

* wo ‘f ’
TREY RR iar 4
Ww yi FF 5 OTG..5.¢ pit

Met Mm yr& i my

Ds ae? Mi ee ve ’

- M 7 .

He WN ITS Rs 4
Bite

p

ss

eee

 

5 OOH Seaton TP",1
108,"MAIN OFFICE
Essen olen)",1
109,EB) alamy stock photo,1
110,"2 AE Tide ee” Le “wey

OU
SANRA TH LANE
Bri oT)

 
 
   
   
 
 

 
 
   
 

eed

bn Bs PA",1
111,,1
112,,1
113,,1
114,"i ae EE Poa
eats Vis a

      
 

——— = ———
7 oF ba a

   

eye mitre By) Tay a re
| Cae SONSTITUENCY | Ly

a v Rar) 7. (7.7
Sg a ae",1
115,,1
116,,1
117,,1
118,,1
119,,1
120,,1
121,,1
122,,1
123,": a
e aS —
= “wr ——
z S02 = ee ae rs A = ~
- = = - i
= —— = =
- rs
x +
2 e = es
1 c —
ad
a E",1
124,,1
125,"{i SAROJININAGAR mT ‘

5 ""

| YASHWANT/PLACE
f ee, Bel

PREPS PDE 7
{en ec if STATIONS",1
126,,1
127,,1
128,"3 tise cr NNNED NCA TREAT
< ee CHANDNI CHOWK",1
129,"ae
i

PST
rea
thls = > ee era Fe oe
poy tek bs ‘ e's aaae
co ae a a |
oe ze : : rh

“7

os
B

   
      
   
   

Fadi

> ae
i |

~ a ite

j
} j By
AULD

BNA
ai iy) :
Hr

E} alamy stock photo | er

www.alamy.com",1
130,"Mertens
Wali Gali

eeks

ry a
ry
A

       
 
   

 

O18) ATi atesWerl) .
Qrahonical ak earl! |
Aa 12

  

EE} alamy stock photo ener",1
131,,1
132,,1
133,"Precio es sera
. Oe f ied
sie ton f =
Junior Engineer «= SER.-24
RRC MEG ce Ui
DML eum ate PayS cya

le Caleta Ls
—- et | te ee

pete a
mil! | mts ee

  
 

ck) |",1
134,"O NOT PUT
OTHERS LIVES",1
135,"aX
oe acy eo =

Cp",1
136,,1
137,"ro
i
SEY ay

: Tuticort _ =

        
 

| bere",1
138,,1
139,Bz alamy stock photo,1
140,"oar 2

{",1
141,"EEE
yee |",1
142,,1
143,,1
144,alamy stock photo,1
145,alamy stock photo as,1
146,"Sho) Ya lw
www.alamy.com",1
147,,1
148,,1
149,,1
150,,1
151,,1
152,,1
153,"UR rier
EVES Colt tsto) 0
ears

Sm

Ce nT

Fo ae Oe Pre, ae",1
154,,1
155,"GEMS NAR

ae, EXPORTERS",1
156,,1
157,,1
158,,1
159,,1
160,,1
161,"E8KDNB
www.alamy.com",1
162,"Cc Co Ko
meat

CRT)
en wie

it) cs ak —",1
163,"NAX MUELLER MARG
BM Si

neti

: Sey dy
5S eal

Pin code: 110001} ©

 
       

SUBRAMANIA BHAR
TERIA aL
See ta

rise Rad bale eR IK}",1
164,depositphotos Image ID: 234829330  www.depositphotos.com,1
165,,1
166,"oa

EE} alamy stock photo Prelit",1
167,"8 DS)
www.alamy.com",1
168,,1
169,,1
170,"SHH ohe SONATA

iT tue aU
DBR ae)",1
171,"KSRTC Bus Stand
Ritchie Kouis
esta) aka Sy",1
172,,1
173,,1
174,,1
175,,1
176,"rire sy
bot [oT es)",1
177,,1
178,"LANE -3
PLOT Nos (R) 11-14
PLOT Nos (L] 5-18 ff
RENN GSA FEED",1
179,"ad We? waa of

‘I

SANT GADGE MAHARAJ
CHOWK: SATRASTA

        

liga
mS RCUStUMTIO
ae |

(eae)",1
180,,1
181,,1
182,besa a,1
183,,1
184,shutterstock.com * 1341114626,1
185,"ay""

   

Ea

2 alamy stock photo",1
186,,1
187,"Golden Temple

Save Water Save Trees ¢€

    

Railway station
=iitliletlee=iec ie",1
188,"ents
TONG

Sri Kartarpur Sahid Corridor

2s National Highway Authority of India

 

an * CE icbtss om eR alice",1
189,"ai 7

a _
er Z

iF Peabo — Pal J b. !

> = ¥ 4 b a. f

.) ae | =

: i . 7

e ; -

if) .

                             

”
1

- ‘ A
{ PT i toy eee > }
is tT tl baal aM
Tri ie eek
pt pace . bate | ‘
oC ela i ae e
wal se bs + NS
¢ red Lig mah ae i
| TT Ae ar,
= = Ge?
ape) . aP ko
Ay | id <i, ieee |! ©
i va ry bs a Par ar
cel f 5 ae ee —t
 U 7 q tas os
hy F
ad “x

 

sei ' aoe
, ‘\ on a we a ee a Ele: .
aS wc aS abe ee!
| nt a See) oar
ay yo OE “ie age
: Piet

 

         

                     

 

   
  

 

  

Pe Noe a
7 oF ee Ly >
a oe Ar Paes
io Se He Ed} aes a ee aa , ae ve
< (ea : Pay oe a
= | | . Pies yar ae
oy a
= ene
‘oo
=
>

  

al
5 28

Ta a Ta
fi. Looe = 7
mT Te tee ee a we
a je 4 ae ;
| | yy I ee ry >.
a
er TZ To) || | aed

eee ay

on
te oe.
1) Te
} tie
Sate Li

  

 

eee ee |
s '
7 ee | |
“ iia
HH :
=| |
i Ee a) la ah
f
4
i
’
~ i
| Poa

e
|
~ ae J \ 4
a Ti i 7
rd errs | - } iit
ee — 3 - te el 6. , \",1
190,,1
191,,1
192,,1
193,,1
